[egf],187K
0.01040797,0.01539294
0.02198537,0.03464131
0.02429037,0.03679492
0.08121683,0.1204458
0.1198718,0.17033610000000002
0.1601539,0.228394
0.25099920000000003,0.29691599999999996
0.405474,0.400557
0.7383156,0.5125622000000001
1.027509,0.6552897
1.798446,0.7982227
2.550251,0.8336276
4.116105,0.8567630999999999
8.277838000000001,0.9399583
12.58767,0.9836826999999999
