[egf],20K
0.01713749,0.04267487
0.03444448,0.07219977
0.07655431,0.1823194
0.1450889,0.30881
0.251269,0.39393540000000005
0.4142728,0.538879
0.7255647,0.7396108
1.0601530000000001,0.7791709
1.819164,0.9324073
2.552526,0.914133
4.121283999999999,0.9702964
6.136858999999999,0.9190478000000001
8.368795,1.026665
12.34485,1.02495
