[egf],256K
0.01836968,0.01177382
0.02878571,0.06791044
0.06082663,0.11812239999999999
0.1152153,0.19300699999999998
0.2055712,0.2699022
0.35242640000000003,0.3405689
0.6354886,0.4711433
0.9669508,0.5706022
1.6759330000000001,0.7279760000000001
2.4481599999999997,0.7448295
4.034029,0.8381671
6.1953629999999995,0.8757077
8.192737,0.9069215
12.45058,0.8949113999999999
