[egf],46K
0.01030568,0.02364097
0.01970488,0.04692846
0.03960827,0.08471032
0.08044069999999999,0.1534647
0.11993210000000001,0.2157494
0.1586307,0.26554140000000004
0.2536876,0.3588522
0.40572909999999995,0.4573236
0.7248352,0.6487841999999999
1.048583,0.6883354
1.797912,0.7713876000000001
2.603329,0.8935084000000001
4.1178930000000005,0.8959836999999999
8.363058,0.9647380999999999
12.46567,1.004316
