rtot-count,rtot-mmol
14k,0.0003901
42k,0.001223
65k,0.0024
112k,0.002798
200k,0.006898
263k,0.01002
