rtot-count,rtot-mmol
22k,0.0005009
57k,0.001593
103k,0.00329
150k,0.004788
361k,0.01546
485k,0.01699
