rtot-count,rtot-mmol
12k,0.001193
82k,0.003513
107k,0.006083
387k,0.01968
502k,0.03013
1600k,0.0925
