rtot-count,rtot-mmol
20k,0.0005889
46k,0.002544
187k,0.00643
256k,0.01263
1200k,0.05509
