rtot-count,rtot-mmol
24k,0.001439
43k,0.002422
92k,0.003392
120k,0.002718
231k,0.01216
447k,0.02594
