rtot-count,rtot-mmol
41k,0.001192
120k,0.003025
173k,0.006534
295k,0.006316
383k,0.01723
660k,0.02555
